#{"t_start": 1589749273.234755, "env_id": "ct_rk_cartpole_swingupsafe_dm-v1"}
r,l,t
122.396914,2001,3.20247
144.429942,2001,5.437198
176.887694,2001,7.567522
50.472901,2001,9.714643
249.091111,2001,14.828581
140.376216,2001,16.95979
301.340533,2001,19.06017
328.183398,2001,21.189868
324.998071,2001,23.749258
330.776112,2001,27.998254
344.626089,2001,30.576558
300.224489,2001,32.82452
361.380791,2001,35.591199
275.326919,2001,37.719661
336.961758,2001,42.151564
350.159488,2001,44.242101
269.592164,2001,46.800506
367.068745,2001,48.882347
332.368658,2001,50.949106
296.20534,2001,55.107223
252.45782,2001,57.738052
335.748139,2001,60.227185
344.5977,2001,62.42264
315.256402,2001,64.499656
385.205783,2001,69.189181
286.647005,2001,71.292447
304.111819,2001,73.384303
349.068278,2001,75.444266
366.570478,2001,77.993197
368.74957,2001,82.196224
387.941999,2001,84.296686
409.681105,2001,86.361701
376.128217,2001,88.903292
343.609709,2001,91.291376
410.140213,2001,95.483524
371.069727,2001,97.598994
345.287119,2001,100.176567
483.305132,2001,102.269785
430.444865,2001,104.357514
422.130477,2001,108.542219
355.196458,2001,111.058793
424.142864,2001,113.235914
437.802702,2001,115.307836
402.234565,2001,117.374373
454.033346,2001,121.677844
479.387618,2001,124.452845
349.69269,2001,126.496275
386.785276,2001,128.5567
367.435079,2001,130.602949
460.895612,2001,135.244504
493.117696,2001,137.327186
421.405228,2001,139.394113
383.624856,2001,141.437951
493.430995,2001,144.0303
540.354911,2001,148.148458
501.273842,2001,150.251932
515.074114,2001,152.439157
516.868197,2001,155.169683
460.53863,2001,157.212618
497.222544,2001,161.329168
460.537018,2001,163.432977
490.201264,2001,165.981826
432.584747,2001,168.062382
464.178655,2001,170.127714
502.043745,2001,174.23609
461.119464,2001,176.76386
453.971199,2001,178.924087
476.139188,2001,180.990071
485.277788,2001,183.320337
503.127911,2001,187.983753
399.676815,2001,190.09274
486.027828,2001,192.135189
501.044927,2001,194.177236
453.054326,2001,196.681757
493.156618,2001,200.855335
544.225871,2001,202.98102
462.656905,2001,205.031053
559.876852,2001,207.549561
463.895107,2001,209.621815
527.346894,2001,213.990332
559.544559,2001,216.140997
473.927156,2001,218.590268
488.159411,2001,220.674372
513.069459,2001,222.734881
534.74805,2001,226.86574
544.621889,2001,229.331813
551.075891,2001,231.462959
524.686102,2001,233.4962
588.686321,2001,235.528307
583.696105,2001,239.66384
504.087989,2001,242.201466
530.061755,2001,244.559713
576.135138,2001,246.710819
605.760224,2001,248.739179
552.955869,2001,253.333313
475.677275,2001,255.390599
528.33293,2001,257.455701
535.903003,2001,259.488411
572.738621,2001,262.050147
514.586664,2001,266.153972
556.945774,2001,268.24461
277.280514,2001,270.304204
585.41988,2001,272.843432
531.941652,2001,275.258193
588.183632,2001,279.392411
550.365622,2001,281.457479
520.549806,2001,283.960438
527.365552,2001,286.026944
472.813666,2001,288.103029
519.934168,2001,292.200673
503.362248,2001,294.743598
549.905163,2001,296.814284
534.250671,2001,298.895532
514.253501,2001,300.941447
562.139028,2001,305.874481
509.281262,2001,307.942307
556.78497,2001,310.004733
563.010383,2001,312.034502
546.914269,2001,314.537308
566.238449,2001,318.779233
492.31826,2001,320.860512
565.884982,2001,322.890347
641.433334,2001,325.389342
559.831484,2001,327.447623
499.613257,2001,331.574622
525.310572,2001,333.63559
464.54138,2001,336.46192
532.158481,2001,338.563855
450.324652,2001,340.633936
487.054698,2001,344.754108
469.019339,2001,346.890628
479.391763,2001,349.41073
635.206397,2001,351.444177
518.430088,2001,353.478402
519.740037,2001,357.60909
633.46371,2001,360.16994
513.051575,2001,362.205109
522.490718,2001,364.329807
536.351665,2001,366.703631
432.627121,2001,371.336508
593.676203,2001,373.40921
559.199363,2001,375.457599
709.547179,2001,377.507252
494.963499,2001,380.038794
564.001673,2001,384.174104
634.032981,2001,386.257953
575.675585,2001,388.293392
560.454809,2001,390.911825
535.237372,2001,392.981173
562.983021,2001,397.446974
578.944857,2001,399.517089
560.201197,2001,402.052563
583.445472,2001,404.111537
580.233392,2001,406.149932
484.206876,2001,410.277516
623.227113,2001,412.827655
535.192326,2001,414.946404
580.900202,2001,417.034602
628.640064,2001,419.072995
599.600837,2001,423.663073
584.62871,2001,425.998059
566.192516,2001,428.095422
573.41227,2001,430.125178
700.556772,2001,432.652813
677.687367,2001,436.778009
615.79659,2001,438.854517
641.472526,2001,440.898653
571.260552,2001,443.399952
609.926442,2001,445.470938
598.886332,2001,449.592568
504.165112,2001,451.660836
581.742181,2001,454.127455
575.846218,2001,456.525137
558.451301,2001,458.596068
611.483865,2001,462.686207
568.427993,2001,464.765229
657.566055,2001,467.297368
565.565171,2001,469.363679
554.155351,2001,471.390474
607.33494,2001,475.507907
615.38716,2001,478.106115
597.663652,2001,480.163657
683.291722,2001,482.188882
646.752872,2001,484.241032
579.74397,2001,489.198637
621.616413,2001,491.267645
633.598041,2001,493.296307
626.649365,2001,495.352596
543.353755,2001,497.905976
561.468016,2001,502.079946
609.807769,2001,504.175897
605.182905,2001,506.208833
567.689577,2001,508.701598
556.375816,2001,510.790564
642.0217,2001,514.919301
603.353655,2001,517.070021
591.01515,2001,519.780933
557.860997,2001,521.832874
616.553521,2001,523.868774
625.36431,2001,528.006838
634.020116,2001,530.567138
589.085068,2001,532.627264
515.085686,2001,534.663265
587.582101,2001,536.775617
588.811549,2001,541.361585
712.927911,2001,543.429194
656.888843,2001,545.500129
619.707256,2001,547.714226
616.915089,2001,550.296263
567.402129,2001,554.430126
600.383772,2001,556.510604
649.293853,2001,558.542579
685.168716,2001,561.031792
658.080426,2001,563.116737
635.560312,2001,567.257077
668.884941,2001,569.316904
647.827521,2001,571.780581
637.699001,2001,573.895594
579.774589,2001,575.977523
623.713251,2001,580.452993
620.475183,2001,582.527384
555.914545,2001,585.036942
570.817421,2001,587.11282
601.249482,2001,589.239808
594.94491,2001,593.40458
586.482148,2001,595.908852
523.247918,2001,597.967568
638.955746,2001,600.012909
523.655048,2001,602.084312
590.48955,2001,606.710272
626.34424,2001,608.950193
616.48567,2001,611.103978
592.271232,2001,613.155829
621.698476,2001,615.643066
552.351731,2001,619.802669
662.862169,2001,621.883651
579.801457,2001,623.943324
523.80802,2001,626.405124
522.704385,2001,628.494091
660.75632,2001,632.616868
514.691515,2001,634.700159
638.534299,2001,637.223706
698.429396,2001,639.442672
692.702432,2001,641.58386
725.189957,2001,645.71924
644.803787,2001,648.267648
602.942119,2001,650.335288
580.757897,2001,652.375351
510.846073,2001,654.4211
734.36865,2001,659.036184
596.086179,2001,661.112926
612.591584,2001,663.157775
677.406448,2001,665.210081
543.108327,2001,667.674314
544.295024,2001,672.266934
585.052722,2001,674.356703
642.236982,2001,676.418011
532.858653,2001,678.972969
705.003046,2001,681.094114
684.336757,2001,685.243307
636.931799,2001,687.310116
589.235355,2001,689.373827
610.011551,2001,691.889653
708.136511,2001,693.932345
639.572089,2001,698.119855
578.674971,2001,700.365146
706.629721,2001,703.099135
640.915235,2001,705.166385
637.816145,2001,707.204121
676.514069,2001,711.436807
552.031245,2001,714.001612
754.14689,2001,716.073383
619.564128,2001,718.10758
600.25251,2001,720.181531
697.653333,2001,724.790011
718.317163,2001,726.88814
731.23483,2001,728.929975
718.961341,2001,731.341514
705.239959,2001,733.822756
619.346175,2001,737.969012
613.897897,2001,740.046946
760.53962,2001,742.114239
702.105762,2001,744.588876
719.843993,2001,746.682291
634.625236,2001,750.811625
648.553537,2001,752.893962
709.453373,2001,755.410205
708.508681,2001,757.507582
606.703779,2001,759.550162
626.67392,2001,764.015567
648.764617,2001,766.524823
695.015194,2001,768.624967
758.305942,2001,770.664593
638.431928,2001,772.726075
699.323477,2001,777.384951
713.114695,2001,779.539766
704.403521,2001,781.584727
747.47171,2001,783.645499
708.929201,2001,786.195344
703.72788,2001,790.357132
736.0779,2001,792.606239
667.75849,2001,794.769777
649.657002,2001,797.207837
728.350122,2001,799.374349
680.773561,2001,803.521133
661.310231,2001,805.584778
656.394192,2001,807.618336
644.948617,2001,810.156296
593.689019,2001,812.188419
636.074008,2001,816.334862
651.424529,2001,818.402028
700.442745,2001,820.952149
605.727152,2001,823.295917
546.874232,2001,825.415436
654.336073,2001,829.55529
676.218679,2001,832.078823
706.94907,2001,834.108907
604.284033,2001,836.169177
613.778995,2001,838.20511
657.572993,2001,842.806421
602.231814,2001,844.941998
761.206098,2001,846.973578
745.360773,2001,849.01449
685.677314,2001,851.516682
616.354594,2001,855.934707
687.36594,2001,858.015633
638.763693,2001,860.115069
702.777175,2001,862.58621
671.211183,2001,864.655197
728.422541,2001,868.782683
831.497636,2001,870.868219
774.201013,2001,873.349078
693.766182,2001,875.450044
632.295746,2001,877.476953
668.294142,2001,881.60146
731.235503,2001,884.193404
723.868192,2001,886.515169
671.063975,2001,888.559054
689.098697,2001,890.588266
834.304176,2001,895.190305
746.225889,2001,897.274633
705.24711,2001,899.303302
653.941432,2001,901.366759
680.314189,2001,903.816553
594.433735,2001,908.009342
697.940095,2001,910.067789
694.109412,2001,912.130355
701.107413,2001,914.762188
729.153356,2001,917.002563
654.668658,2001,921.116185
782.020646,2001,923.197202
655.530962,2001,925.239976
724.480632,2001,927.813096
650.357056,2001,929.848632
628.120454,2001,933.970653
674.790035,2001,936.054304
717.633773,2001,938.607359
717.070502,2001,940.655591
675.97968,2001,942.727663
655.667919,2001,947.1336
621.065992,2001,949.687071
695.106485,2001,951.726655
650.728356,2001,953.79102
670.036511,2001,955.827887
637.724913,2001,960.452017
709.822717,2001,962.513536
687.325537,2001,964.590308
686.17407,2001,966.639523
729.343124,2001,969.150486
598.941013,2001,973.330443
773.847841,2001,975.578129
722.52025,2001,977.722548
724.264757,2001,980.220523
633.058956,2001,982.29182
673.587559,2001,986.423287
705.630276,2001,988.506967
730.133611,2001,990.994347
680.954201,2001,993.049502
652.153612,2001,995.13891
667.917191,2001,999.282382
599.997058,2001,1001.787069
770.346386,2001,1003.877198
730.578743,2001,1006.157855
748.500012,2001,1008.250687
693.412038,2001,1012.82207
676.64451,2001,1014.949342
652.691214,2001,1016.991031
775.097659,2001,1019.133107
692.634204,2001,1021.613438
687.801782,2001,1025.814093
619.235658,2001,1027.879495
720.245125,2001,1029.930067
624.290202,2001,1031.960086
800.040403,2001,1034.474825
747.995725,2001,1038.949608
902.609417,2001,1041.059688
700.533107,2001,1043.097201
825.132511,2001,1045.628078
710.115412,2001,1047.674438
708.869811,2001,1051.819441
778.851595,2001,1053.887885
709.732942,2001,1056.474428
801.455542,2001,1058.511747
744.506426,2001,1060.572551
797.711144,2001,1064.678077
751.554248,2001,1067.534129
723.015456,2001,1069.571801
832.249179,2001,1071.744203
759.065922,2001,1073.76685
732.426459,2001,1078.458735
712.452996,2001,1080.527246
710.274677,2001,1082.59076
789.689215,2001,1084.644718
674.443043,2001,1087.176687
733.836707,2001,1091.343439
745.386072,2001,1093.408725
759.9996,2001,1095.433717
836.022125,2001,1098.140612
839.8828,2001,1100.346525
709.174487,2001,1104.481652
753.758238,2001,1106.57036
780.660662,2001,1109.048009
744.82411,2001,1111.112023
754.464808,2001,1113.164805
758.991359,2001,1117.355254
750.390849,2001,1119.868864
767.159869,2001,1121.973671
824.594229,2001,1124.019445
766.412773,2001,1126.052861
757.1357,2001,1130.908626
784.114711,2001,1133.01533
810.306352,2001,1135.060805
686.281851,2001,1137.086746
815.93986,2001,1139.548064
772.341201,2001,1143.758237
707.697298,2001,1145.841916
709.60811,2001,1147.906716
800.08986,2001,1149.955611
842.606863,2001,1152.465142
764.859283,2001,1156.610232
764.324791,2001,1158.925294
735.653392,2001,1161.056944
750.312232,2001,1163.584337
847.990278,2001,1165.601993
750.888692,2001,1169.765978
744.865715,2001,1171.811984
735.050437,2001,1174.370106
733.614157,2001,1176.426748
834.761975,2001,1178.496509
766.515045,2001,1182.603461
733.184875,2001,1185.141203
771.32479,2001,1187.182349
833.659415,2001,1189.60041
793.033951,2001,1191.635977
773.034829,2001,1196.25336
772.116875,2001,1198.320815
787.263234,2001,1200.37983
796.91243,2001,1202.407966
744.960424,2001,1204.95038
819.861356,2001,1209.092536
772.556338,2001,1211.173059
784.785037,2001,1213.209361
745.223614,2001,1215.833925
861.345008,2001,1217.914254
789.996688,2001,1222.352467
823.550782,2001,1224.401049
780.442545,2001,1226.909214
823.803732,2001,1228.968741
828.317489,2001,1231.024911
812.376549,2001,1235.149085
729.016051,2001,1237.663625
821.329325,2001,1239.739045
790.350418,2001,1241.801061
782.822783,2001,1243.83699
762.354969,2001,1248.36933
789.227922,2001,1250.762503
726.594987,2001,1252.82066
816.169251,2001,1254.857687
760.544395,2001,1257.376458
776.139788,2001,1261.603462
880.194302,2001,1263.650177
775.476304,2001,1265.698903
798.277197,2001,1267.762941
830.367182,2001,1270.308113
796.777352,2001,1274.444445
722.441502,2001,1276.5045
778.632533,2001,1278.551315
850.837367,2001,1281.352229
805.465594,2001,1283.411277
741.942502,2001,1287.540528
740.068579,2001,1289.60227
760.055686,2001,1292.160109
796.723684,2001,1294.202124
833.579612,2001,1296.256317
749.561402,2001,1300.396411
708.39063,2001,1302.928576
872.393269,2001,1304.980919
885.62072,2001,1307.014114
738.759965,2001,1309.082972
782.320167,2001,1313.996345
784.234366,2001,1316.048753
829.073347,2001,1318.104257
883.67517,2001,1320.152078
791.473957,2001,1322.64223
781.158832,2001,1326.816177
781.703468,2001,1328.901747
803.809642,2001,1330.937843
749.458433,2001,1333.447253
921.882752,2001,1335.506535
807.925313,2001,1339.624093
748.493451,2001,1341.992852
845.175841,2001,1344.490912
857.9606,2001,1346.552937
801.691356,2001,1348.617864
788.788579,2001,1352.748331
870.512444,2001,1355.315952
819.921381,2001,1357.380089
769.56592,2001,1359.49128
769.973323,2001,1361.532389
779.518714,2001,1366.109663
842.447144,2001,1368.22133
868.537509,2001,1370.286954
815.390361,2001,1372.617136
799.309051,2001,1374.708921
793.708488,2001,1379.415326
889.397076,2001,1381.477879
930.705012,2001,1383.501796
817.408612,2001,1385.576583
743.120685,2001,1388.095478
759.462901,2001,1392.257787
825.227653,2001,1394.322494
973.348795,2001,1396.383917
819.44759,2001,1398.90067
748.165358,2001,1401.01261
804.987914,2001,1405.634816
914.355478,2001,1407.692185
845.930134,2001,1410.227733
827.358106,2001,1412.260739
811.650519,2001,1414.308206
819.897136,2001,1418.465637
917.984845,2001,1420.991179
802.837637,2001,1423.061863
788.595367,2001,1425.097452
985.729258,2001,1427.159877
927.406384,2001,1431.761397
869.666143,2001,1434.119635
905.868281,2001,1436.169407
866.286797,2001,1438.203148
846.797644,2001,1440.674595
766.427427,2001,1444.846956
837.463648,2001,1446.929189
813.580493,2001,1448.973359
947.117936,2001,1451.490522
793.823341,2001,1453.547461
1016.446219,2001,1457.681197
885.554325,2001,1459.742253
946.839455,2001,1462.350331
982.627,2001,1464.621646
836.465107,2001,1466.674039
988.517569,2001,1470.784573
887.871146,2001,1473.351022
996.906756,2001,1475.435408
814.748865,2001,1477.490508
874.279415,2001,1479.532384
814.396767,2001,1484.082881
893.222287,2001,1486.192982
939.518004,2001,1488.253368
834.840434,2001,1490.291673
878.198099,2001,1492.35086
944.724794,2001,1497.302136
861.589659,2001,1499.380655
769.989565,2001,1501.421801
951.913544,2001,1503.494782
939.11839,2001,1506.025654
886.623033,2001,1510.195908
921.610607,2001,1512.255879
857.876778,2001,1514.315147
981.627122,2001,1516.82138
955.548924,2001,1518.879201
953.341154,2001,1523.039332
898.976384,2001,1525.354059
1020.816025,2001,1527.883801
821.199649,2001,1529.952085
967.378434,2001,1531.983662
914.791952,2001,1536.126389
865.966046,2001,1538.657517
861.370569,2001,1540.723097
868.417554,2001,1542.756568
858.683121,2001,1544.815012
955.129157,2001,1549.490401
978.550216,2001,1551.57
938.904192,2001,1553.599226
889.2809,2001,1555.826278
905.670861,2001,1558.421897
842.390705,2001,1562.609183
846.954583,2001,1564.751285
854.978731,2001,1566.853689
876.262243,2001,1569.37473
893.078626,2001,1571.42622
964.510341,2001,1575.64987
838.018518,2001,1578.019019
918.673955,2001,1581.403312
979.432344,2001,1583.669718
906.02735,2001,1586.122086
880.61128,2001,1591.081544
933.1549,2001,1593.511358
841.98206,2001,1595.653807
860.4658,2001,1598.280975
893.520632,2001,1600.76596
828.063887,2001,1606.173637
780.96543,2001,1608.867109
772.199014,2001,1613.406761
861.980547,2001,1619.928265
852.115207,2001,1622.903414
786.995312,2001,1628.261719
840.284679,2001,1630.624453
923.369958,2001,1633.400675
824.835353,2001,1635.701922
908.001262,2001,1639.03377
754.435274,2001,1643.829848
878.090376,2001,1646.13439
793.109349,2001,1649.216412
973.377993,2001,1652.1406
937.989352,2001,1655.456866
830.873517,2001,1661.496713
1001.694722,2001,1664.118355
966.102988,2001,1666.652258
890.325922,2001,1669.19332
879.295996,2001,1671.640071
978.829129,2001,1676.456325
947.940269,2001,1679.783324
862.867459,2001,1682.057149
1001.317116,2001,1684.295919
909.259296,2001,1686.326691
943.592435,2001,1691.44559
797.838003,2001,1693.457837
1009.66036,2001,1695.501207
889.652265,2001,1697.723096
914.806541,2001,1700.210084
992.878109,2001,1704.291127
803.367769,2001,1706.338824
1039.638852,2001,1708.62944
950.45699,2001,1711.361894
838.52546,2001,1713.653932
892.601043,2001,1717.929176
1014.368487,2001,1720.164563
989.24426,2001,1723.040638
961.01482,2001,1725.414661
901.655907,2001,1727.528853
997.912124,2001,1731.788779
932.71856,2001,1734.403846
912.713699,2001,1736.443078
887.08188,2001,1738.62257
1048.429862,2001,1741.095259
1035.862571,2001,1745.513101
924.635595,2001,1748.093244
982.192003,2001,1750.10361
789.091129,2001,1752.201378
960.459086,2001,1754.228042
906.792228,2001,1759.311851
930.993668,2001,1761.433504
939.779632,2001,1763.669157
951.634545,2001,1765.986634
818.650384,2001,1768.452363
943.388301,2001,1773.026041
858.274056,2001,1775.089952
900.258989,2001,1777.227255
899.95627,2001,1779.710296
893.478822,2001,1781.7875
845.848238,2001,1785.901529
938.128063,2001,1788.044564
736.244284,2001,1790.478043
820.774926,2001,1792.635133
830.124174,2001,1794.657423
882.489807,2001,1798.812809
786.08145,2001,1802.061026
1041.326059,2001,1804.352887
896.583881,2001,1806.390245
929.529393,2001,1808.449451
909.89607,2001,1812.988587
862.22706,2001,1815.284698
892.922181,2001,1817.38775
890.661843,2001,1819.479959
866.010283,2001,1822.128896
808.407889,2001,1826.273803
893.692966,2001,1828.38749
905.756259,2001,1830.894642
866.953005,2001,1833.362022
875.836306,2001,1835.396456
902.615355,2001,1839.533286
907.689501,2001,1841.562969
875.60713,2001,1844.00587
822.103439,2001,1846.018212
927.039779,2001,1848.038969
857.071822,2001,1852.146183
904.536598,2001,1854.573336
958.719098,2001,1856.580602
939.09923,2001,1858.620538
965.974194,2001,1860.872632
982.776474,2001,1865.046443
851.119534,2001,1867.469119
1017.947628,2001,1869.551559
941.742101,2001,1871.571989
1023.239622,2001,1873.583623
937.100056,2001,1878.072711
855.309643,2001,1880.121406
947.156116,2001,1882.144132
1065.403185,2001,1884.169655
913.953611,2001,1886.612152
900.205481,2001,1890.895836
999.638607,2001,1893.011677
935.334332,2001,1895.085964
1052.19683,2001,1897.51646
1092.51212,2001,1899.524905
794.51493,2001,1903.63974
837.193959,2001,1905.678202
857.163656,2001,1908.539738
940.664394,2001,1911.221642
964.51246,2001,1913.446185
988.956961,2001,1917.953418
998.390307,2001,1920.63163
886.133138,2001,1923.077093
836.735742,2001,1925.129615
827.1901,2001,1927.210074
935.632955,2001,1931.91043
742.357434,2001,1934.019882
887.634497,2001,1936.150364
856.477928,2001,1938.422118
708.55713,2001,1941.691336
1033.848338,2001,1946.158451
759.635064,2001,1948.211574
946.662986,2001,1950.301514
932.118343,2001,1952.976972
872.93139,2001,1955.112509
985.808766,2001,1959.468484
811.835005,2001,1961.505074
729.015413,2001,1963.970017
874.672288,2001,1966.193089
739.964764,2001,1968.349663
780.043116,2001,1972.72781
831.177382,2001,1974.877856
1037.197676,2001,1977.521227
926.113884,2001,1979.655471
928.166137,2001,1981.73708
986.493276,2001,1986.40482
832.771399,2001,1988.872426
1006.948622,2001,1990.964934
844.379583,2001,1993.076296
981.052711,2001,1995.173078
911.706578,2001,1999.860564
944.170366,2001,2002.015218
894.95682,2001,2004.120311
948.478069,2001,2006.384332
900.156278,2001,2008.940421
800.629454,2001,2013.142033
794.639263,2001,2015.625407
931.476739,2001,2017.746498
911.306588,2001,2020.425349
962.993379,2001,2022.530431
994.16071,2001,2026.851205
1027.029958,2001,2028.966214
955.878689,2001,2031.520993
801.343814,2001,2033.63673
847.05561,2001,2035.765273
835.564488,2001,2040.09137
782.893682,2001,2042.611703
927.596111,2001,2045.055573
830.924691,2001,2047.286798
917.105688,2001,2049.410125
799.304867,2001,2053.999085
832.327194,2001,2056.124333
741.98667,2001,2058.236561
924.047839,2001,2060.408099
767.314359,2001,2062.86534
755.029352,2001,2067.08579
784.650291,2001,2069.287047
882.642895,2001,2071.499438
838.425089,2001,2074.166164
840.46994,2001,2076.627657
861.132363,2001,2080.88259
744.728346,2001,2082.942752
942.190839,2001,2085.484304
875.83061,2001,2087.672281
926.769179,2001,2089.807809
879.568468,2001,2094.133909
824.102363,2001,2096.396662
890.855067,2001,2098.968867
780.123896,2001,2101.216849
844.425535,2001,2103.275728
835.810864,2001,2107.775849
951.330186,2001,2110.376321
916.926902,2001,2112.583282
836.721847,2001,2114.634661
972.022952,2001,2116.890023
801.854795,2001,2122.190696
958.234253,2001,2124.924083
997.816985,2001,2127.199693
894.632478,2001,2130.716754
931.339588,2001,2133.728151
718.030754,2001,2138.598626
872.573302,2001,2140.687965
847.871263,2001,2142.778568
944.415853,2001,2145.239214
687.001833,2001,2147.313417
892.955106,2001,2152.108721
884.166189,2001,2154.579401
792.586631,2001,2157.121459
1007.081124,2001,2159.240159
950.176582,2001,2161.326078
939.009293,2001,2165.575956
1011.886333,2001,2168.45598
868.443355,2001,2170.607655
910.218871,2001,2172.719763
948.726807,2001,2174.904454
955.089546,2001,2179.564831
864.247447,2001,2181.632524
871.358317,2001,2183.754375
890.321602,2001,2185.869341
819.52136,2001,2188.421196
864.536784,2001,2192.748687
853.798112,2001,2194.894292
888.612678,2001,2197.062205
840.901346,2001,2199.971546
889.270205,2001,2202.140403
950.238884,2001,2206.478569
893.521055,2001,2208.603335
970.648881,2001,2211.144706
958.734635,2001,2213.310835
967.218978,2001,2215.429429
784.693922,2001,2219.60574
936.365722,2001,2221.711353
919.964303,2001,2224.235647
887.643754,2001,2226.400096
883.194592,2001,2228.762261
860.899422,2001,2233.371537
896.072944,2001,2235.992109
923.777227,2001,2238.09099
995.588817,2001,2240.261481
969.048945,2001,2242.468917
899.71335,2001,2247.252178
951.114163,2001,2249.394119
779.028787,2001,2251.562702
937.388543,2001,2253.70472
882.014249,2001,2256.299096
843.652739,2001,2260.824134
803.517076,2001,2262.881575
894.423114,2001,2264.93139
942.091308,2001,2267.480249
903.800191,2001,2269.539541
848.452516,2001,2273.706315
855.891186,2001,2275.832554
907.290678,2001,2278.522429
939.841226,2001,2280.575749
934.668716,2001,2282.655939
912.638819,2001,2286.860444
813.456595,2001,2289.50196
497.02145,2001,2291.741662
592.791747,2001,2293.912485
510.12345,2001,2295.968105
615.697987,2001,2300.70195
735.807734,2001,2302.845109
629.483009,2001,2304.924634
762.574239,2001,2306.974535
689.872619,2001,2309.500545
744.019804,2001,2313.786762
700.384967,2001,2315.982013
692.978931,2001,2318.13626
605.249918,2001,2321.021971
692.247812,2001,2323.174936
691.356003,2001,2327.346694
562.855489,2001,2329.401728
730.400304,2001,2331.524819
657.93117,2001,2334.060691
753.700051,2001,2336.126001
650.565641,2001,2340.334722
736.602303,2001,2342.432885
713.555532,2001,2345.058954
720.385972,2001,2347.172652
814.76421,2001,2349.34369
755.370697,2001,2353.974235
762.162296,2001,2356.451361
724.92719,2001,2358.585178
764.620783,2001,2360.73549
741.795814,2001,2362.874502
772.926507,2001,2367.736757
669.608664,2001,2369.937108
799.664429,2001,2372.105463
753.792356,2001,2374.317426
699.680394,2001,2376.813233
672.826702,2001,2381.429524
844.423908,2001,2383.564939
707.060268,2001,2385.72636
709.912044,2001,2388.167666
797.066825,2001,2390.362835
668.265678,2001,2394.791206
668.981876,2001,2396.918914
676.030382,2001,2399.40683
736.923722,2001,2401.575569
738.631147,2001,2403.736495
716.127412,2001,2408.164055
814.040518,2001,2410.892704
644.458638,2001,2413.165781
725.917247,2001,2415.276591
792.74439,2001,2417.522515
662.753775,2001,2422.36029
757.960066,2001,2424.502221
716.004039,2001,2426.643569
753.428104,2001,2428.792626
772.195886,2001,2431.468283
836.37573,2001,2435.617816
905.963913,2001,2437.683884
880.978551,2001,2439.821213
824.762797,2001,2442.807268
951.959129,2001,2444.954808
784.325013,2001,2449.200244
870.178207,2001,2451.25667
874.15422,2001,2453.332095
881.336675,2001,2455.796516
686.708818,2001,2458.050197
896.653344,2001,2462.398965
900.813469,2001,2464.606482
890.911088,2001,2467.156418
752.445402,2001,2469.277872
790.700545,2001,2471.303982
680.657813,2001,2475.761273
928.024582,2001,2478.380641
867.198985,2001,2480.515085
866.978907,2001,2482.649471
937.488794,2001,2484.838446
909.468173,2001,2489.474074
930.50511,2001,2491.502231
851.940401,2001,2493.526121
668.087953,2001,2495.70174
743.997407,2001,2498.27393
805.493773,2001,2502.741059
896.777784,2001,2505.008256
797.482385,2001,2507.174903
794.707686,2001,2509.775302
960.202502,2001,2511.908818
985.58098,2001,2516.254848
941.457751,2001,2518.297906
691.412354,2001,2520.817401
893.549165,2001,2523.033164
918.445973,2001,2525.23325
977.494349,2001,2529.816467
822.334151,2001,2532.4351
768.472084,2001,2534.744389
867.801734,2001,2536.851956
930.416941,2001,2538.943064
949.877868,2001,2543.7707
1001.353526,2001,2546.168609
915.123419,2001,2548.484331
985.687978,2001,2550.85876
775.44056,2001,2553.792737
865.121677,2001,2558.187989
899.384209,2001,2560.341561
850.545151,2001,2562.555507
811.916326,2001,2565.628107
912.746437,2001,2567.747958
853.447345,2001,2571.928795
827.023418,2001,2574.032883
770.62115,2001,2576.115608
849.049341,2001,2578.874995
758.124231,2001,2581.138112
829.146586,2001,2585.347779
975.016648,2001,2587.75933
942.092724,2001,2590.624587
865.604067,2001,2593.074496
918.491539,2001,2596.108189
716.548134,2001,2600.54941
893.420294,2001,2603.012972
870.068414,2001,2605.052566
988.404915,2001,2607.149162
935.835513,2001,2609.502676
985.504803,2001,2616.312132
982.764346,2001,2618.800921
947.362068,2001,2620.86624
803.907488,2001,2623.217387
836.636869,2001,2627.320761
1013.437404,2001,2631.860196
1058.741676,2001,2634.013863
821.295071,2001,2636.207714
990.290429,2001,2638.900297
1031.950227,2001,2641.040887
1048.350017,2001,2645.234693
987.215347,2001,2647.249443
878.29841,2001,2649.8473
882.969178,2001,2651.861745
707.287803,2001,2653.91745
844.10184,2001,2658.866398
856.31227,2001,2661.344938
787.065403,2001,2663.385878
973.970571,2001,2665.416695
802.030501,2001,2667.507304
687.922763,2001,2672.039201
898.023387,2001,2674.098553
779.580643,2001,2676.132722
956.415543,2001,2678.15021
619.766157,2001,2680.609764
942.094353,2001,2684.700322
714.692685,2001,2687.01459
553.141949,2001,2689.06344
773.627652,2001,2691.079285
770.981987,2001,2693.490566
715.704369,2001,2697.593376
940.342005,2001,2699.643873
822.713716,2001,2701.647097
975.744836,2001,2704.061245
949.823215,2001,2706.143219
525.911431,2001,2710.277307
967.400441,2001,2712.33285
870.742486,2001,2714.775977
778.705277,2001,2717.00435
788.619904,2001,2719.127322
849.943341,2001,2723.228506
1078.02221,2001,2725.664959
1054.121033,2001,2727.709673
1015.921454,2001,2729.789555
778.534386,2001,2731.847985
1075.279863,2001,2736.693617
989.128406,2001,2739.432921
845.291524,2001,2741.843772
1037.174401,2001,2743.888419
757.014718,2001,2746.429017
1095.048842,2001,2750.757175
999.604863,2001,2752.765078
992.491137,2001,2754.776017
595.692446,2001,2757.221936
1039.527491,2001,2759.239558
989.095484,2001,2763.355154
1044.619443,2001,2765.387444
852.766969,2001,2767.82554
857.035062,2001,2769.840535
1049.410671,2001,2771.865647
942.59912,2001,2775.935633
1087.620005,2001,2778.672385
892.326003,2001,2780.708351
949.557802,2001,2782.741696
901.390884,2001,2784.750615
656.666407,2001,2789.259905
964.51586,2001,2791.274234
875.122254,2001,2793.312089
1085.012844,2001,2795.35252
878.237272,2001,2797.871706
1051.438563,2001,2801.978915
1049.316554,2001,2803.981061
994.828938,2001,2805.987551
890.082126,2001,2808.040825
1263.491751,2001,2810.792622
1001.18726,2001,2814.947269
675.765098,2001,2817.000733
673.445519,2001,2819.051881
1066.21373,2001,2821.491859
1395.389644,2001,2823.531292
1158.237715,2001,2827.656812
1370.537832,2001,2829.682669
1004.404254,2001,2832.173708
866.298805,2001,2834.262745
1078.085585,2001,2836.302552
1074.084156,2001,2840.709467
1030.262427,2001,2843.158964
1244.806052,2001,2845.172392
972.198381,2001,2847.22093
1229.993113,2001,2849.287817
700.646358,2001,2853.940573
901.957931,2001,2855.980964
1008.375887,2001,2858.020432
761.021569,2001,2860.058728
916.281824,2001,2862.477815
410.050949,2001,2866.574256
724.293962,2001,2868.621203
669.958616,2001,2870.925561
934.634988,2001,2873.336496
1050.958715,2001,2875.376246
1008.213406,2001,2879.570953
878.747056,2001,2881.586868
851.429291,2001,2884.042859
930.83012,2001,2886.07732
981.953479,2001,2888.107455
1002.352086,2001,2892.213801
873.16389,2001,2894.693637
685.800724,2001,2896.711779
1030.414243,2001,2898.73333
835.451695,2001,2901.017437
954.479543,2001,2905.585462
994.008278,2001,2907.612074
1026.412718,2001,2909.668431
1133.213671,2001,2911.693011
952.191967,2001,2914.108117
1070.915461,2001,2918.255436
1095.918398,2001,2920.296124
1015.8912,2001,2922.313874
856.794365,2001,2924.329519
940.510678,2001,2926.77512
1058.820538,2001,2931.167178
1072.617908,2001,2933.208462
1072.792991,2001,2935.225584
976.170139,2001,2937.683668
1010.277266,2001,2939.733241
954.355913,2001,2943.961367
1123.355137,2001,2945.982497
1070.206617,2001,2948.436398
966.380593,2001,2950.458675
643.114126,2001,2952.497174
996.782095,2001,2956.565078
1015.43765,2001,2959.030267
1004.349844,2001,2961.465507
860.275004,2001,2963.576892
636.625549,2001,2965.719696
1022.051769,2001,2970.235924
1061.298633,2001,2972.277856
903.8818,2001,2974.302709
1042.410622,2001,2976.332551
887.866003,2001,2978.793022
1014.023517,2001,2982.89816
955.85769,2001,2984.915929
853.311461,2001,2986.925731
1064.029491,2001,2989.383567
1092.32958,2001,2991.695232
937.758652,2001,2995.790167
1145.903858,2001,2997.838224
1202.569615,2001,3000.315212
1002.836767,2001,3002.345646
1031.832961,2001,3004.394499
1004.21147,2001,3008.533242
985.066131,2001,3010.961494
642.414199,2001,3012.977343
761.597266,2001,3015.038781
820.280193,2001,3017.064127
816.290963,2001,3021.711493
833.025547,2001,3023.912513
890.623268,2001,3025.924945
765.213788,2001,3027.973384
995.087795,2001,3030.026086
985.004774,2001,3034.577979
937.845887,2001,3036.594314
894.068775,2001,3038.625632
909.135484,2001,3040.666986
979.616095,2001,3043.098154
894.876904,2001,3047.214697
910.077373,2001,3049.256557
871.731842,2001,3051.268158
795.653111,2001,3053.970684
672.009738,2001,3056.018597
881.793528,2001,3060.129767
937.718228,2001,3062.147672
704.92875,2001,3064.657445
863.121938,2001,3066.670259
959.285661,2001,3068.751541
809.089464,2001,3072.868396
1018.397365,2001,3075.322113
817.343087,2001,3077.334317
894.606561,2001,3079.358102
915.181192,2001,3081.412002
1014.949067,2001,3086.191468
1014.437769,2001,3088.207002
885.325403,2001,3090.244011
954.577804,2001,3092.273103
985.430783,2001,3094.853225
1030.462751,2001,3098.978115
1065.417547,2001,3101.0144
868.861764,2001,3103.025283
1070.197826,2001,3105.44998
1028.514561,2001,3107.496069
1026.111225,2001,3111.596834
939.850112,2001,3113.659036
1028.422271,2001,3116.504639
439.453686,2001,3118.528655
1009.310029,2001,3120.54081
1074.188904,2001,3124.647131
1120.573544,2001,3127.103952
1161.708072,2001,3129.115996
1136.415657,2001,3131.131107
1015.319752,2001,3133.179764
1029.185049,2001,3137.665656
830.874445,2001,3139.680116
1049.26242,2001,3141.724516
869.685147,2001,3143.749513
963.299413,2001,3146.031837
1227.955564,2001,3150.604307
1253.460698,2001,3152.642988
1075.646633,2001,3154.68218
1138.751534,2001,3156.699655
1146.437596,2001,3159.146131
1137.74113,2001,3163.241232
1069.235782,2001,3165.257949
1216.613647,2001,3167.308466
1303.737046,2001,3169.722315
1306.378812,2001,3171.741422
1292.280262,2001,3175.883364
1376.67297,2001,3178.251534
1355.621504,2001,3180.67526
1314.313617,2001,3182.706658
1210.903572,2001,3184.739217
890.087929,2001,3188.831105
1092.212817,2001,3191.248665
1037.880501,2001,3193.294927
1116.966269,2001,3195.308832
798.518311,2001,3197.32837
1073.413335,2001,3201.850894
1092.525511,2001,3203.90328
979.526227,2001,3205.923949
809.881109,2001,3208.325509
587.048983,2001,3210.75538
1110.713328,2001,3214.882797
1077.781445,2001,3216.894796
985.592341,2001,3218.92697
1069.27116,2001,3221.350038
1061.956777,2001,3223.362501
1149.354713,2001,3227.477401
1159.413542,2001,3229.514048
1197.582885,2001,3231.934274
1326.463279,2001,3233.956565
1222.613567,2001,3235.983851
1344.856332,2001,3240.336875
1196.473303,2001,3242.744479
1194.390366,2001,3244.808986
1211.141942,2001,3246.811158
1282.147235,2001,3248.827007
1227.827978,2001,3253.315461
1001.646464,2001,3255.35131
1183.141593,2001,3257.365337
1208.933485,2001,3259.384791
897.839735,2001,3261.484223
1249.483173,2001,3266.001166
1203.811997,2001,3268.048271
1216.962935,2001,3270.368588
871.077227,2001,3272.384649
1117.346462,2001,3274.829422
1178.949326,2001,3278.925251
1255.160346,2001,3280.953847
1247.473898,2001,3282.966241
892.51016,2001,3285.407561
1066.195084,2001,3287.423865
1100.450761,2001,3291.554709
1092.267539,2001,3293.569577
1112.36127,2001,3296.007644
1127.147324,2001,3298.030286
1106.451653,2001,3300.272651
1108.139607,2001,3304.363396
1142.609661,2001,3306.827519
1100.768808,2001,3308.839605
1048.711659,2001,3310.845805
1089.160653,2001,3312.895406
1178.811069,2001,3317.386069
1048.26474,2001,3319.402371
1091.392402,2001,3321.458853
1035.216145,2001,3323.47493
940.895823,2001,3325.887677
1113.116125,2001,3330.341566
1112.923835,2001,3332.388363
1129.2954,2001,3334.444177
1052.090244,2001,3336.890067
1079.378258,2001,3338.913407
1040.171869,2001,3343.010076
1100.266271,2001,3345.011304
1092.535091,2001,3347.464727
1011.337432,2001,3349.491255
1147.000189,2001,3351.524064
1064.628949,2001,3355.633006
1009.603435,2001,3358.072665
910.719218,2001,3360.186708
959.218081,2001,3362.501418
1008.516519,2001,3364.503776
1060.726139,2001,3368.60944
972.201986,2001,3371.126693
1052.259045,2001,3373.209209
1011.651709,2001,3375.22584
759.633585,2001,3377.233819
983.315898,2001,3381.778746
988.242132,2001,3383.815714
998.040624,2001,3385.830207
1037.253296,2001,3387.85093
879.778718,2001,3390.413243
972.141842,2001,3394.7708
887.552183,2001,3396.778845
886.384639,2001,3398.803243
933.157027,2001,3401.205177
996.588433,2001,3403.218926
933.273785,2001,3407.312511
937.26988,2001,3409.343151
914.322339,2001,3411.772778
842.295564,2001,3413.864708
856.390293,2001,3415.876707
800.723081,2001,3419.996204
1005.944218,2001,3422.714211
849.160672,2001,3424.779501
917.898613,2001,3426.796679
819.213665,2001,3428.807847
958.137288,2001,3433.298735
916.27294,2001,3435.377476
819.110138,2001,3437.469056
877.743944,2001,3439.542097
906.837607,2001,3441.990785
939.290105,2001,3446.069954
827.967458,2001,3448.088268
935.398352,2001,3450.155626
978.315891,2001,3452.89858
858.887738,2001,3454.986408
964.601581,2001,3459.058964
938.748501,2001,3461.104903
988.246877,2001,3463.501508
891.804282,2001,3465.543628
748.477326,2001,3467.561424
1038.455391,2001,3471.652246
779.241077,2001,3474.076235
1019.766188,2001,3476.101553
1089.427294,2001,3478.207405
1044.69928,2001,3480.222814
934.259196,2001,3484.554707
953.836662,2001,3487.024067
1008.083944,2001,3489.03693
1034.54635,2001,3491.071012
1077.851158,2001,3493.08069
1007.967583,2001,3497.582242
890.315031,2001,3499.596012
1077.392334,2001,3501.644079
448.497018,2001,3503.665053
813.720162,2001,3506.112306
691.658472,2001,3510.208607
930.191982,2001,3512.330229
719.888496,2001,3514.534372
969.751676,2001,3516.995137
860.761669,2001,3519.008105
996.574074,2001,3523.103228
1042.608513,2001,3525.127026
1088.737425,2001,3527.590367
1003.114617,2001,3529.610232
1057.048796,2001,3531.619302
873.575294,2001,3535.708592
965.063258,2001,3538.160865
778.202966,2001,3540.170791
913.596675,2001,3542.213421
1062.423891,2001,3544.504186
948.832102,2001,3549.023468
907.491963,2001,3551.035625
969.447669,2001,3553.070625
1089.023836,2001,3555.0905
1042.749037,2001,3557.533072
1007.229481,2001,3561.671719
945.50725,2001,3563.7108
1066.63422,2001,3565.71178
1039.592099,2001,3568.206132
1110.538002,2001,3570.259378
1015.77599,2001,3574.654798
1011.724396,2001,3576.671288
905.477916,2001,3579.113706
1114.443231,2001,3581.119628
782.471926,2001,3583.169564
1164.918733,2001,3587.244507
1047.439724,2001,3589.309567
1185.476112,2001,3591.754506
1101.1744,2001,3593.81481
1055.192438,2001,3595.830566
1159.59108,2001,3599.951234
1269.66328,2001,3602.374863
1103.143765,2001,3604.790992
1255.455063,2001,3606.813636
1280.123484,2001,3608.822033
964.312216,2001,3613.359199
1060.827197,2001,3615.395082
1054.655533,2001,3617.415661
830.144599,2001,3619.423444
916.395805,2001,3621.884615
913.985336,2001,3625.972591
923.060132,2001,3627.986681
878.249145,2001,3630.018167
930.504007,2001,3632.44924
1010.010298,2001,3634.828968
939.362275,2001,3638.9692
990.132336,2001,3641.021163
1096.278045,2001,3643.440452
1050.604482,2001,3645.476625
1048.076503,2001,3647.495063
1048.904601,2001,3651.594145
988.807947,2001,3654.013368
1032.921411,2001,3656.047181
1011.802744,2001,3658.064293
1116.330199,2001,3660.209188
933.476414,2001,3664.950068
1214.615533,2001,3667.118306
1120.351985,2001,3669.17219
1139.264031,2001,3671.215655
1047.50617,2001,3673.630929
1081.004285,2001,3677.704577
1078.438159,2001,3679.715706
951.977081,2001,3681.760822
948.120891,2001,3684.168715
1077.39122,2001,3686.178014
1131.813714,2001,3690.268415
1089.364999,2001,3692.309162
1198.167127,2001,3694.755803
1092.998101,2001,3697.084673
1059.853583,2001,3699.102608
885.863611,2001,3703.198903
1200.729542,2001,3705.204642
971.166753,2001,3707.659921
925.505518,2001,3709.670843
1073.056372,2001,3711.736233
933.587215,2001,3715.831291
824.117184,2001,3718.284023
1094.245653,2001,3720.300363
942.317287,2001,3722.307988
1067.998807,2001,3724.354899
1094.212608,2001,3729.18157
1295.894228,2001,3731.194618
1241.088461,2001,3733.228312
1120.93303,2001,3735.24195
1156.639217,2001,3737.662745
1220.189838,2001,3741.841861
1365.135588,2001,3743.882249
1268.7685,2001,3745.893324
1031.310202,2001,3748.356174
1374.499976,2001,3750.376977
1312.640607,2001,3754.516421
1294.603219,2001,3756.819903
1125.457893,2001,3759.291555
1117.490628,2001,3761.296211
1214.87539,2001,3763.306285
1056.353202,2001,3767.424832
1154.980037,2001,3769.866754
1148.102308,2001,3771.873587
1126.273022,2001,3773.961032
1332.120646,2001,3775.992723
1310.699995,2001,3780.580775
1435.138754,2001,3782.58824
1320.181552,2001,3784.637569
1371.356338,2001,3786.806933
1418.955667,2001,3789.408686
1503.586126,2001,3793.488928
1427.562451,2001,3795.531967
1383.190444,2001,3797.539892
1323.040396,2001,3799.987825
1468.160661,2001,3802.013618
1399.405428,2001,3806.119281
1401.269957,2001,3808.140756
1587.925231,2001,3810.579952
1491.845987,2001,3812.584438
1438.892578,2001,3814.634487
1534.626609,2001,3819.085293
1415.921368,2001,3821.147109
1417.988599,2001,3823.555424
1526.786731,2001,3825.589827
1490.658071,2001,3827.603185
1481.088023,2001,3831.694618
1566.54949,2001,3834.125906
1369.013269,2001,3836.157781
1551.420626,2001,3838.169764
1406.086412,2001,3840.173604
1511.047115,2001,3844.683052
1451.755847,2001,3846.722359
1340.488076,2001,3849.018662
1276.38139,2001,3851.060406
1227.993576,2001,3853.468442
1392.755833,2001,3857.614005
1350.29359,2001,3859.623036
1462.677187,2001,3861.669297
1378.392821,2001,3864.089733
1508.896979,2001,3866.140649
1433.349713,2001,3870.204644
1463.410642,2001,3872.244197
1456.684059,2001,3874.674104
1544.965509,2001,3876.716569
1423.244043,2001,3878.931735
1541.594142,2001,3883.104132
1446.053045,2001,3885.579644
1556.249406,2001,3887.627631
1531.085685,2001,3889.634049
1516.293151,2001,3891.644857
1537.400446,2001,3896.134666
1584.441446,2001,3898.17521
1506.615104,2001,3900.198431
1521.464997,2001,3902.242216
1585.544873,2001,3904.667565
1581.949088,2001,3908.781844
1358.192179,2001,3911.090617
1583.900417,2001,3913.121608
1556.082527,2001,3915.544033
1479.723975,2001,3917.58626
1473.802382,2001,3921.680682
1492.774337,2001,3923.807631
1578.829196,2001,3925.82026
1429.855595,2001,3928.326873
1579.879202,2001,3930.352929
1500.865425,2001,3934.480424
1537.573849,2001,3936.51249
1606.12033,2001,3938.980557
1591.099806,2001,3941.277318
1495.820447,2001,3943.338427
1598.13318,2001,3947.415424
1415.168494,2001,3949.912491
1594.35236,2001,3951.992258
1544.985734,2001,3954.036504
1393.391383,2001,3956.040398
1628.65391,2001,3960.57004
1629.635607,2001,3962.580414
1629.260592,2001,3964.632658
1629.656566,2001,3966.657732
1626.948937,2001,3969.114284
1647.20703,2001,3973.420408
1620.553674,2001,3975.456905
1591.57991,2001,3977.454508
1639.472385,2001,3979.892575
1625.985964,2001,3981.925343
1661.167265,2001,3986.036978
1624.05808,2001,3988.062559
1491.18798,2001,3990.518931
1581.764531,2001,3992.528427
1615.186556,2001,3994.583291
1622.490338,2001,3998.712243
1612.719354,2001,4001.191969
1593.666485,2001,4003.436333
1610.018316,2001,4005.471761
1622.690525,2001,4007.492993
1393.582721,2001,4011.983662
1609.588189,2001,4013.996514
1574.459145,2001,4016.044379
1461.418431,2001,4018.058595
1621.509992,2001,4020.522213
1625.495296,2001,4024.600485
1602.523079,2001,4026.66663
1612.766545,2001,4028.696287
1591.123195,2001,4031.201147
1597.780508,2001,4033.666609
1265.594588,2001,4037.751345
1459.463155,2001,4039.755121
1399.518553,2001,4041.885488
1631.544179,2001,4044.345862
1614.242608,2001,4046.383195
1605.839107,2001,4050.450442
1592.045815,2001,4052.502266
1478.810326,2001,4054.952596
1409.714074,2001,4056.991503
1564.820802,2001,4058.999216
1468.576874,2001,4063.380631
1221.919279,2001,4065.799269
1444.184891,2001,4067.859543
1602.049473,2001,4069.869691
1623.694249,2001,4071.882989
1532.333369,2001,4076.384221
1607.354329,2001,4078.517372
1580.372136,2001,4080.525068
1604.688043,2001,4082.538723
1563.048615,2001,4085.006531
1480.505627,2001,4089.114629
1535.495821,2001,4091.135811
1521.352676,2001,4093.46025
1293.646436,2001,4095.912801
1445.660544,2001,4097.924009
1518.97356,2001,4102.047097
1551.786007,2001,4104.084585
1469.22735,2001,4106.509252
1590.395751,2001,4108.555879
1443.08093,2001,4110.614244
1510.58701,2001,4114.784536
1531.441063,2001,4117.199567
1606.100151,2001,4119.240618
1617.285699,2001,4121.255897
1641.076322,2001,4123.351351
1464.080535,2001,4128.083137
1637.930105,2001,4130.127679
1606.576576,2001,4132.132598
1655.168962,2001,4134.142446
1639.039789,2001,4136.57062
1354.290245,2001,4140.667484
1487.625799,2001,4142.722955
1649.441353,2001,4144.788252
1469.642779,2001,4147.214887
1423.397518,2001,4149.237583
1520.025955,2001,4153.400713
1658.453428,2001,4155.638856
1533.135963,2001,4157.63994
1448.373904,2001,4160.06356
1633.882642,2001,4162.132718
1450.18249,2001,4166.296183
1563.326228,2001,4168.311411
1402.673734,2001,4170.755455
1634.829374,2001,4172.76032
1486.107592,2001,4174.805772
1652.959629,2001,4178.943931
1612.426928,2001,4181.391118
1583.63642,2001,4183.401867
1626.521527,2001,4185.710243
1638.244841,2001,4187.74386
1562.285325,2001,4192.241893
1566.246751,2001,4194.247755
1649.511789,2001,4196.285869
1607.272092,2001,4198.301513
1583.559518,2001,4200.727449
1630.186216,2001,4204.840872
1614.277009,2001,4206.867687
1539.080213,2001,4208.882052
1627.000143,2001,4211.303552
1598.231855,2001,4213.340914
1661.659578,2001,4217.69606
1603.490842,2001,4219.711725
1576.331984,2001,4222.187734
1520.387736,2001,4224.199448
1525.393414,2001,4226.212001
1659.206081,2001,4230.31549
1553.753622,2001,4232.783953
1665.181352,2001,4234.820602
1570.579306,2001,4236.839757
1489.454257,2001,4238.87828
1606.244835,2001,4243.377788
1641.061585,2001,4245.475691
1594.77459,2001,4247.733423
1661.029635,2001,4249.758186
1644.807774,2001,4252.195444
1603.606714,2001,4256.296287
1601.717438,2001,4258.334046
1609.187315,2001,4260.35868
1592.252961,2001,4262.364487
1570.460284,2001,4264.8425
1591.295978,2001,4269.038048
1659.907837,2001,4271.083935
1660.023181,2001,4273.100906
1461.368182,2001,4275.534699
1608.285782,2001,4277.860329
1684.860323,2001,4282.037445
1475.112192,2001,4284.072273
1645.474368,2001,4286.486825
1690.822559,2001,4288.520979
1667.639261,2001,4290.53193
1401.942039,2001,4294.67301
1445.032081,2001,4297.111025
1668.013109,2001,4299.161209
1569.069289,2001,4301.174761
1682.347831,2001,4303.18703
1643.205541,2001,4307.906341
1637.086505,2001,4310.054426
1622.405104,2001,4312.065942
1665.256687,2001,4314.076452
1554.720932,2001,4316.51456
1561.732979,2001,4320.62794
1585.49858,2001,4322.642082
1592.682647,2001,4324.679846
1432.039092,2001,4327.104892
1594.606987,2001,4329.126684
1483.224145,2001,4333.208821
1639.146353,2001,4335.24003
1645.771169,2001,4337.941403
1614.814127,2001,4340.357809
1611.766321,2001,4342.698913
1629.263728,2001,4347.23996
1412.071938,2001,4349.719113
1641.569287,2001,4351.770725
1660.538612,2001,4353.78592
1618.857374,2001,4355.847375
1506.200097,2001,4360.367183
1581.167201,2001,4362.382205
1580.191192,2001,4364.39138
1650.372706,2001,4366.422734
1573.130594,2001,4369.00413
1599.037177,2001,4373.23494
1592.049218,2001,4375.282415
1575.983028,2001,4377.329567
1373.700362,2001,4379.417435
1565.366149,2001,4381.882846
1628.825513,2001,4385.965227
1597.759465,2001,4388.005194
1547.873441,2001,4390.025862
1575.699712,2001,4392.475231
1635.696859,2001,4394.484297
1632.414927,2001,4398.578014
1608.513527,2001,4400.831777
1636.750333,2001,4403.277137
738.905777,2001,4405.304235
1616.598413,2001,4407.338282
1604.737642,2001,4411.432314
1631.842451,2001,4413.883718
1490.978027,2001,4415.913221
1594.78253,2001,4417.953924
1629.238197,2001,4419.973831
1615.337683,2001,4424.466146
1618.012046,2001,4426.466853
1602.407129,2001,4428.527528
1484.360455,2001,4430.909703
1628.542433,2001,4433.417516
1594.647427,2001,4437.500585
1644.614959,2001,4439.519827
1619.954852,2001,4441.531142
1600.591194,2001,4443.98144
1689.523738,2001,4446.019077
1582.280185,2001,4450.11485
1561.835371,2001,4452.12982
1614.898674,2001,4454.58649
1540.128006,2001,4456.589254
1478.543584,2001,4458.647669
1612.360234,2001,4463.067109
1598.837911,2001,4465.537687
1631.312111,2001,4467.550575
1627.147513,2001,4469.61784
1547.652697,2001,4471.705056
1591.448756,2001,4476.280486
1620.554737,2001,4478.284826
1617.410635,2001,4480.328473
1639.109792,2001,4482.338127
1658.841889,2001,4484.774963
1678.480691,2001,4488.87239
1659.464037,2001,4491.097606
1599.280174,2001,4493.185061
1662.782587,2001,4495.230809
1681.012193,2001,4497.662329
1634.282815,2001,4501.757524
1594.886391,2001,4503.777563
1606.900918,2001,4505.885712
1588.990205,2001,4508.326113
1585.506434,2001,4510.372872
1692.239912,2001,4514.452428
1672.790716,2001,4516.452153
1648.854629,2001,4518.871
1589.044804,2001,4521.150814
1690.531981,2001,4523.222553
1719.786198,2001,4527.308783
1727.676104,2001,4529.73223
1668.371447,2001,4531.745932
1683.801347,2001,4533.761562
1715.123821,2001,4535.831789
1726.741681,2001,4540.337207
1720.434087,2001,4542.344439
1732.141586,2001,4544.351378
1656.313579,2001,4546.377149
1583.099643,2001,4548.800312
1694.563332,2001,4553.21235
1741.54354,2001,4555.217491
1643.928638,2001,4557.247327
1706.242321,2001,4559.676556
1640.54775,2001,4561.728007
1628.129693,2001,4565.82759
1532.328589,2001,4567.836166
1557.265858,2001,4570.265786
1722.944827,2001,4572.304002
1738.623302,2001,4574.326092
1688.761028,2001,4578.445658
1525.39839,2001,4580.881734
1651.456244,2001,4583.310996
1506.577699,2001,4585.314621
1512.988821,2001,4587.320566
1646.019373,2001,4591.824675
1707.074168,2001,4593.870449
1544.172461,2001,4595.901395
1628.368079,2001,4597.933272
1594.095521,2001,4599.943154
1568.009165,2001,4604.448586
1637.258743,2001,4606.457523
1655.900631,2001,4608.558206
1624.468489,2001,4610.567031
1640.880739,2001,4613.281993
1701.502671,2001,4617.436912
1635.519805,2001,4619.47169
1705.197598,2001,4621.478248
1713.10052,2001,4623.934088
1674.929989,2001,4625.951425
1689.970161,2001,4630.042765
1647.819267,2001,4632.049518
1569.060391,2001,4634.49841
1616.817802,2001,4636.510851
1686.343366,2001,4638.548285
1663.261479,2001,4642.692126
1662.192453,2001,4645.747847
1587.907929,2001,4647.780884
1670.739518,2001,4649.864282
1667.527607,2001,4651.877336
1644.815159,2001,4656.468602
1401.82388,2001,4658.475304
1641.040793,2001,4660.516508
1661.777385,2001,4662.529547
1609.975388,2001,4664.956971
1621.836093,2001,4669.071581
1697.043862,2001,4671.098855
1637.433204,2001,4673.110475
1680.038481,2001,4675.911348
1739.497161,2001,4678.013958
1614.420873,2001,4682.104564
1673.973909,2001,4684.116641
1575.938829,2001,4686.557551
1697.164473,2001,4688.571493
1637.17998,2001,4690.574122
1711.31363,2001,4694.671461
1681.53361,2001,4697.122467
1651.769884,2001,4699.132597
1702.131923,2001,4701.175086
1702.83615,2001,4703.186893
1625.706391,2001,4707.923341
1729.605672,2001,4709.941039
1637.016271,2001,4712.000015
815.492648,2001,4714.009055
1742.744938,2001,4716.048402
1661.595487,2001,4720.599547
1722.456767,2001,4722.683082
1277.211913,2001,4724.702286
783.706068,2001,4726.738988
1514.657562,2001,4729.179155
1693.226895,2001,4733.274182
1698.21265,2001,4735.382871
1520.946466,2001,4737.818836
1699.527223,2001,4741.612939
1658.89852,2001,4743.948377
1549.00187,2001,4748.06487
1539.889818,2001,4750.07326
1660.734799,2001,4752.515584
1684.854531,2001,4754.578011
1442.561347,2001,4756.594006
1650.429845,2001,4760.710597
1646.773878,2001,4763.174354
1559.68855,2001,4765.220254
1650.380856,2001,4767.474283
1708.948963,2001,4769.524819
1644.571398,2001,4774.053303
1708.534663,2001,4776.086405
1474.794039,2001,4778.141106
1613.841737,2001,4780.157227
850.754262,2001,4782.576641
1484.691529,2001,4786.664463
1535.955435,2001,4788.722532
1471.896378,2001,4790.730992
1709.58887,2001,4793.159905
1540.046977,2001,4795.234352
1460.570676,2001,4799.552114
1206.944465,2001,4801.568581
1719.311402,2001,4804.046563
1738.104461,2001,4806.072067
1710.080095,2001,4808.089878
1761.215205,2001,4812.183852
1730.623319,2001,4814.628098
1733.258966,2001,4816.643257
1733.485664,2001,4818.663381
1770.056888,2001,4820.718387
1784.479011,2001,4825.241039
1735.211392,2001,4827.55215
1766.183018,2001,4829.60619
1757.530033,2001,4831.621202
1783.848814,2001,4833.651053
1692.794238,2001,4838.214554
1740.470152,2001,4840.26099
1721.437909,2001,4842.267522
1730.112135,2001,4844.290056
1746.72684,2001,4846.727639
1583.795408,2001,4850.857077
1695.284853,2001,4852.858734
1742.081028,2001,4854.871595
1524.668055,2001,4857.601982
1775.183829,2001,4859.618996
1752.575876,2001,4863.71367
1764.128167,2001,4865.767995
1722.694564,2001,4868.248533
1766.447566,2001,4870.290481
1744.594182,2001,4872.314781
1717.511916,2001,4876.406906
1695.396452,2001,4878.835779
1757.151769,2001,4880.885932
1706.515991,2001,4882.900795
1773.098009,2001,4884.913551
1766.729897,2001,4889.664019
1728.775339,2001,4891.694229
1749.172169,2001,4893.70384
1502.255355,2001,4895.732922
1279.658426,2001,4898.183113
1745.848626,2001,4902.29933
1704.851764,2001,4904.340784
1710.97517,2001,4906.385441
1676.330307,2001,4908.826654
1749.190296,2001,4910.841027
1723.668271,2001,4914.936001
1756.549918,2001,4916.959771
1682.359901,2001,4919.701391
1713.906818,2001,4921.741367
1745.17367,2001,4923.753637
1749.250762,2001,4927.892824
1711.365755,2001,4930.407531
1712.453619,2001,4932.438635
1722.754054,2001,4934.451234
1751.869433,2001,4936.461202
1740.148501,2001,4940.558947
1726.95333,2001,4943.014583
1738.122986,2001,4945.019162
1709.307836,2001,4947.030908
1733.952541,2001,4949.356589
1747.499787,2001,4953.877059
1742.32177,2001,4955.912821
1661.280564,2001,4957.942126
1654.908361,2001,4959.955642
1377.738462,2001,4962.368671
1638.974563,2001,4966.447309
1728.906498,2001,4968.489028
1679.589409,2001,4970.511352
1722.864862,2001,4972.951027
1765.794904,2001,4975.012878
1776.630688,2001,4979.548015
1344.406867,2001,4981.554311
1714.699376,2001,4983.972717
1777.925605,2001,4986.03176
1683.723765,2001,4988.033132
1705.581038,2001,4992.145069
1723.000361,2001,4994.576583
1761.628908,2001,4996.603796
1762.787728,2001,4998.633691
1733.286308,2001,5000.688928
1692.303591,2001,5005.202407
1754.19868,2001,5007.212967
1563.441649,2001,5009.261128
1429.043203,2001,5011.605138
1731.892936,2001,5014.035491
1639.86222,2001,5018.231484
1750.654951,2001,5020.240443
1622.944557,2001,5022.279584
1790.746856,2001,5024.709108
1435.508724,2001,5026.75119
1763.802385,2001,5030.844484
1764.653447,2001,5032.870714
1613.016205,2001,5035.292007
1771.388833,2001,5037.326564
1788.908673,2001,5039.376252
1760.583406,2001,5043.663314
1762.823425,2001,5046.159017
1785.563859,2001,5048.198938
1677.407773,2001,5050.215901
1767.305435,2001,5052.243954
1747.503522,2001,5056.299285
1754.085797,2001,5058.733288
1752.875451,2001,5060.756094
1761.783864,2001,5062.797893
1785.44169,2001,5064.807676
1632.874484,2001,5069.311321
1766.206941,2001,5071.622874
1753.599192,2001,5073.689082
1775.943111,2001,5075.722424
1768.40325,2001,5078.185179
1802.866322,2001,5082.406824
1720.64123,2001,5084.42699
1781.862983,2001,5086.42477
1774.254466,2001,5088.906717
1782.360917,2001,5090.914656
1787.599359,2001,5095.019025
1770.060509,2001,5097.034605
1794.111376,2001,5099.474605
1778.747036,2001,5101.783759
1770.977521,2001,5103.831184
1790.923013,2001,5107.917624
1740.346189,2001,5110.354612
1780.208987,2001,5112.374367
1764.74434,2001,5114.425245
1774.045053,2001,5116.440054
1779.481406,2001,5120.957158
1608.118308,2001,5122.968114
1779.02167,2001,5125.003273
1771.153879,2001,5127.007676
1774.201721,2001,5129.454409
1794.510341,2001,5133.80247
1730.417863,2001,5135.820493
1764.045542,2001,5137.828548
1771.422575,2001,5140.287867
1741.654218,2001,5142.295144
1572.169271,2001,5146.386779
1636.320374,2001,5148.401408
1772.005475,2001,5150.876781
1750.18303,2001,5153.782313
1596.167129,2001,5156.497828
1378.344747,2001,5160.613144
1761.454589,2001,5162.914745
1779.856296,2001,5165.392893
1767.037414,2001,5167.446414
1549.150374,2001,5169.458186
1762.084128,2001,5173.553169
1487.638558,2001,5176.005387
1774.408864,2001,5178.025484
1776.618078,2001,5180.040656
1760.575975,2001,5182.101289
1768.213864,2001,5186.613848
1729.462533,2001,5188.62955
1768.778249,2001,5190.647538
1784.234781,2001,5193.003127
1773.035493,2001,5195.595265
1770.885618,2001,5199.814382
1774.476504,2001,5201.841577
1750.691525,2001,5203.865079
1773.312558,2001,5206.309372
1717.462492,2001,5208.353455
1713.300805,2001,5212.491369
1752.311128,2001,5214.50066
1734.778027,2001,5216.977782
1766.836835,2001,5218.996355
1759.637827,2001,5221.026016
1637.916273,2001,5225.433039
1754.061531,2001,5227.914092
1764.370192,2001,5229.934272
1545.906942,2001,5231.941823
1729.547608,2001,5233.964974
1754.144462,2001,5238.542824
1737.739859,2001,5240.562286
1764.013277,2001,5242.599567
1759.193062,2001,5244.602675
1752.744685,2001,5247.021469
1716.978462,2001,5251.195963
1728.467602,2001,5253.284664
1707.327801,2001,5255.650509
1691.49649,2001,5258.122712
1659.602858,2001,5260.138219
1766.583085,2001,5264.63824
1752.779722,2001,5267.191659
1759.490931,2001,5270.947927
1622.062414,2001,5273.332356
1496.650152,2001,5277.451853
1769.059835,2001,5279.572511
1742.575738,2001,5281.575934
1752.324129,2001,5284.02202
1709.344582,2001,5286.508401
1752.896054,2001,5290.632559
1781.682247,2001,5292.647834
1716.644385,2001,5295.098427
1736.654225,2001,5297.106131
1765.659244,2001,5299.145278
1716.01999,2001,5303.275299
1733.858925,2001,5305.7488
1726.944745,2001,5307.753314
1687.371822,2001,5309.864211
1759.904007,2001,5311.876668
1733.659336,2001,5316.77762
1714.143671,2001,5318.788392
1647.975303,2001,5320.818493
1633.91556,2001,5322.821583
1736.023358,2001,5325.237638
1705.131996,2001,5329.334538
1634.562806,2001,5331.375493
1730.324399,2001,5333.408216
1725.947628,2001,5335.866336
1703.406497,2001,5337.902759
1701.147688,2001,5342.011297
1751.354614,2001,5344.018938
1699.827622,2001,5346.800186
1719.959133,2001,5348.83094
1755.618133,2001,5350.832716
1537.664661,2001,5354.936509
1692.17237,2001,5357.383675
1731.270469,2001,5359.413678
1708.627843,2001,5361.449331
1706.347033,2001,5363.483542
1727.749607,2001,5367.994654
1705.190094,2001,5370.011483
1668.701544,2001,5372.038166
1712.691368,2001,5374.082284
1738.058661,2001,5376.69513
1656.61752,2001,5381.109788
1600.412475,2001,5383.147812
1747.478115,2001,5385.165565
1738.733362,2001,5387.571428
1697.285495,2001,5389.609208
1740.174396,2001,5393.699058
1720.463032,2001,5395.724125
1731.519474,2001,5397.740867
1742.850239,2001,5400.214868
1724.644552,2001,5402.240412
1718.082535,2001,5406.32656
1733.698266,2001,5408.630442
1745.122391,2001,5411.082314
1725.987049,2001,5413.097299
1745.868031,2001,5415.151794
1704.978364,2001,5419.2301
1743.357617,2001,5421.67343
1717.304077,2001,5423.68331
1635.869798,2001,5425.728604
1732.219991,2001,5427.743221
1715.38509,2001,5432.248805
1726.995943,2001,5434.291194
1728.975112,2001,5436.314827
1725.789116,2001,5438.356329
1731.193187,2001,5441.077765
1727.463418,2001,5445.16299
1714.892603,2001,5447.172441
1722.714221,2001,5449.183371
1741.738182,2001,5451.631176
1766.47195,2001,5453.641846
1676.718044,2001,5457.727833
1757.724461,2001,5459.799718
1711.505222,2001,5462.259756
1700.649274,2001,5464.275694
1739.947958,2001,5466.328199
1736.156375,2001,5470.685496
1743.919076,2001,5473.114275
1711.459433,2001,5475.184563
1704.884471,2001,5477.220706
1733.365034,2001,5479.283398
1734.894067,2001,5483.85955
1748.027829,2001,5485.899828
1763.452855,2001,5487.904708
1722.665946,2001,5489.922477
1737.069828,2001,5492.366052
1732.14206,2001,5496.467526
1728.768873,2001,5498.475764
1743.763965,2001,5500.753701
1690.325669,2001,5502.802963
1730.833606,2001,5505.228192
1722.415109,2001,5509.322151
1709.690264,2001,5511.366879
1719.368743,2001,5513.378249
1719.733263,2001,5515.797934
1709.600351,2001,5517.838872
1711.110497,2001,5521.928247
1735.433804,2001,5523.951315
1711.334698,2001,5526.409511
1707.035788,2001,5528.454971
1718.364869,2001,5530.552616
1731.168464,2001,5534.888894
1715.32914,2001,5537.339889
1730.863767,2001,5539.353921
1625.942482,2001,5541.375258
1733.99629,2001,5543.414538
1738.706892,2001,5547.925032
1727.68935,2001,5549.944481
1680.662165,2001,5551.969019
1685.356764,2001,5554.01157
1674.367785,2001,5556.468792
1738.214984,2001,5560.692768
1736.918571,2001,5562.886547
1752.553357,2001,5564.89542
1743.971926,2001,5567.312588
1731.4169,2001,5569.351804
1729.675224,2001,5573.447478
1751.508285,2001,5575.482658
1738.662657,2001,5578.013862
1739.951162,2001,5580.036555
1718.213616,2001,5582.052798
1734.8087,2001,5586.147161
1737.582311,2001,5588.59067
1695.703771,2001,5590.608597
1717.416302,2001,5592.898499
1753.927859,2001,5594.936821
1669.353301,2001,5599.424662
1722.429501,2001,5601.44037
1732.716853,2001,5603.453774
1399.723012,2001,5605.496009
1669.582994,2001,5607.917265
1648.479883,2001,5612.059415
1731.640155,2001,5614.105044
1704.377135,2001,5616.147935
1725.312352,2001,5618.197321
1725.88985,2001,5620.655095
1724.629454,2001,5625.046762
1755.858003,2001,5627.053438
1766.505543,2001,5629.066251
1651.843763,2001,5631.521981
1720.548135,2001,5633.534249
1675.194078,2001,5637.638313
1707.64413,2001,5639.673689
1691.653393,2001,5642.112091
1729.37811,2001,5644.122145
1708.442779,2001,5646.183533
1730.118077,2001,5650.271606
1723.271428,2001,5653.000154
1717.692101,2001,5655.034656
1720.703024,2001,5657.060164
1643.636641,2001,5659.066615
1689.026736,2001,5663.585414
1737.934523,2001,5665.635208
1722.300548,2001,5667.649654
1757.546007,2001,5669.671491
1717.003566,2001,5672.134413
1718.798124,2001,5676.270104
1730.138032,2001,5678.28227
1728.58755,2001,5680.292678
1672.877292,2001,5682.928509
1738.922069,2001,5685.022127
1737.116511,2001,5689.159281
1703.785505,2001,5691.191898
1736.368803,2001,5693.609373
1725.480669,2001,5695.623495
1735.182304,2001,5697.664129
1713.145201,2001,5701.747753
1720.646891,2001,5704.173282
1688.751993,2001,5706.203094
1729.287627,2001,5708.231083
1726.470083,2001,5710.239745
1718.875268,2001,5714.969698
1738.250821,2001,5717.026076
1729.230584,2001,5719.037861
1729.496264,2001,5721.066813
1619.993179,2001,5723.508379
1743.985997,2001,5727.609104
1702.753967,2001,5729.628684
1704.511433,2001,5731.647179
1739.674866,2001,5733.682912
1725.512416,2001,5736.131059
1734.214313,2001,5740.260485
1752.742028,2001,5742.294513
1623.971164,2001,5744.39128
1721.727672,2001,5747.041744
1743.826111,2001,5749.088033
1629.974612,2001,5753.185258
1739.002525,2001,5755.218805
1765.17029,2001,5757.665829
1713.59136,2001,5759.731445
1717.361173,2001,5761.767102
1753.714006,2001,5765.869495
1753.69405,2001,5768.315458
1675.162018,2001,5770.332436
1734.406383,2001,5772.342788
1725.151362,2001,5774.368763
1724.690997,2001,5779.146115
1750.45034,2001,5781.171002
1749.604432,2001,5783.176106
1760.319698,2001,5785.202223
1735.979645,2001,5787.631866
1754.249051,2001,5791.725544
1666.820602,2001,5793.772621
1734.105255,2001,5795.814254
1657.841828,2001,5798.239169
1712.217682,2001,5800.281689
1767.728735,2001,5804.373756
1747.703961,2001,5806.65798
1773.227571,2001,5809.114758
1767.620975,2001,5811.123024
1715.390792,2001,5813.1268
1771.999996,2001,5817.211142
1758.345076,2001,5819.698915
1762.948425,2001,5821.70963
1756.93876,2001,5823.726412
1697.675354,2001,5825.783385
1679.179987,2001,5830.274802
1776.108569,2001,5832.286004
1768.239626,2001,5834.295022
1775.459209,2001,5836.445253
1753.917366,2001,5838.623753
1772.962933,2001,5843.151827
1776.27778,2001,5845.185558
1794.877255,2001,5847.18924
1767.847489,2001,5849.205081
1775.461203,2001,5851.650206
1750.442087,2001,5855.874406
1786.639398,2001,5857.907131
1782.759144,2001,5859.92043
1777.682943,2001,5862.362463
1772.747597,2001,5864.37378
1783.198084,2001,5868.70191
1780.619688,2001,5870.739192
1781.884414,2001,5873.16797
1786.299148,2001,5875.193045
1770.887635,2001,5878.430907
1718.340778,2001,5882.69083
1775.035089,2001,5885.236332
1671.232285,2001,5887.274596
1787.747529,2001,5889.301265
1780.248876,2001,5891.34723
1762.106404,2001,5895.822101
1751.490315,2001,5898.152122
1771.313043,2001,5900.208049
1786.88462,2001,5902.386055
1660.128629,2001,5904.81952
1765.929431,2001,5908.938344
1798.026826,2001,5910.968534
1761.77301,2001,5913.025409
1622.261305,2001,5915.491449
1750.506437,2001,5917.661469
1776.448147,2001,5921.888968
1785.800556,2001,5923.89741
1784.802447,2001,5926.31921
1784.356574,2001,5928.414843
1790.806513,2001,5930.682721
1771.847207,2001,5934.778771
1789.760362,2001,5937.21951
1779.252182,2001,5939.251806
1795.52035,2001,5941.272479
1792.636708,2001,5943.310701
1779.226219,2001,5947.825799
1791.215215,2001,5949.862243
1798.977659,2001,5951.874797
1778.85774,2001,5953.921932
1757.570339,2001,5955.925758
1788.743283,2001,5960.743182
1788.901886,2001,5962.789396
1781.017752,2001,5964.806613
1777.533183,2001,5966.814395
1795.677726,2001,5969.292849
1748.289767,2001,5973.415327
1763.616718,2001,5975.447117
1788.38106,2001,5977.467318
1783.116583,2001,5979.940786
1754.385516,2001,5981.957852
1804.664615,2001,5986.048635
1687.532122,2001,5988.056664
1786.275068,2001,5990.84453
1758.011196,2001,5992.858518
1531.944059,2001,5994.905775
1727.867912,2001,5998.993644
1769.225946,2001,6001.429294
1791.978125,2001,6003.438457
1793.46354,2001,6005.499322
1785.444814,2001,6007.508012
1797.539225,2001,6012.049526
1795.544351,2001,6014.067968
1788.164805,2001,6016.10566
1798.89544,2001,6018.116386
1800.248647,2001,6020.968294
1796.00749,2001,6025.044422
1806.804049,2001,6027.069488
1784.010969,2001,6029.090086
1760.173284,2001,6031.560196
1792.363563,2001,6033.575324
1794.241452,2001,6037.693019
1804.700682,2001,6039.71709
1786.133683,2001,6042.166839
1805.347299,2001,6044.21603
1810.830463,2001,6046.246041
1728.193833,2001,6050.549174
1813.032515,2001,6053.149522
1745.356222,2001,6055.164743
1811.891786,2001,6057.199408
1780.151453,2001,6059.225472
1786.201308,2001,6063.785207
1806.14228,2001,6065.820566
1806.567379,2001,6067.864228
1751.08057,2001,6069.913895
1803.762278,2001,6071.955033
1226.738238,2001,6076.453403
1790.96688,2001,6078.512956
1752.60861,2001,6080.670143
1781.399008,2001,6082.875895
1798.127734,2001,6085.301706
1509.909384,2001,6089.408627
1779.199946,2001,6091.526939
1805.028138,2001,6093.613825
1804.726321,2001,6096.067146
1802.375098,2001,6098.120173
1759.385022,2001,6102.242049
1808.370311,2001,6104.283847
1778.570489,2001,6106.694067
1686.421059,2001,6108.739592
1612.46895,2001,6110.764352
1799.706767,2001,6115.155642
1753.165204,2001,6117.572213
1807.078103,2001,6119.643898
1684.959095,2001,6121.673409
1697.261603,2001,6123.710967
1804.829041,2001,6128.223101
1769.817034,2001,6130.259886
1798.696396,2001,6132.270082
1813.169808,2001,6134.307415
1798.792261,2001,6136.723671
1779.911075,2001,6140.842686
1804.341751,2001,6143.106135
1806.043708,2001,6145.182083
1806.549278,2001,6147.617507
1794.899514,2001,6149.664226
1792.186113,2001,6153.759543
1793.86269,2001,6155.810616
1764.385953,2001,6158.251825
1796.756763,2001,6160.312245
1799.650719,2001,6162.326068
1685.33272,2001,6166.414623
1773.098682,2001,6168.829866
1771.276549,2001,6170.898797
1808.231669,2001,6173.094388
1815.106041,2001,6175.334029
1820.583736,2001,6179.483683
1805.749031,2001,6181.946682
1809.89451,2001,6183.975413
1808.520562,2001,6186.080553
1810.481018,2001,6188.139752
1800.671382,2001,6192.647606
1781.943314,2001,6194.669196
1809.214924,2001,6196.70371
1798.193262,2001,6198.764204
1770.773608,2001,6201.254808
1775.409987,2001,6205.59268
1803.159164,2001,6207.597731
1814.119459,2001,6209.617537
1813.183536,2001,6212.065967
1772.104612,2001,6214.094381
1517.309441,2001,6218.236559
1797.798711,2001,6220.460648
1761.612929,2001,6222.916696
1804.912223,2001,6224.946219
1793.203123,2001,6226.978671
1806.694263,2001,6231.084723
1809.647553,2001,6233.647881
1801.41684,2001,6235.81393
1784.691989,2001,6237.853586
1801.390788,2001,6239.870876
1793.120584,2001,6244.374052
1801.716008,2001,6246.426266
1796.546062,2001,6248.441327
1793.31873,2001,6250.45066
1803.23334,2001,6252.896917
1799.168916,2001,6257.351801
1795.498729,2001,6259.522327
1799.510572,2001,6261.933173
1789.568417,2001,6264.791689
1785.242626,2001,6266.818643
1759.70519,2001,6271.17136
1804.88549,2001,6273.222696
1808.972298,2001,6275.676582
1724.440511,2001,6277.712852
1742.347989,2001,6279.746524
1817.604774,2001,6283.982765
1779.213977,2001,6286.397871
1808.868356,2001,6288.440634
1806.59529,2001,6290.453722
1823.492987,2001,6292.464494
1782.499768,2001,6296.785839
1805.70171,2001,6299.236879
1819.393441,2001,6301.259801
1806.272448,2001,6303.307078
1801.198246,2001,6305.33104
1809.159703,2001,6309.833041
1798.952635,2001,6311.836081
1797.071879,2001,6313.880796
1790.518177,2001,6315.909705
1795.538806,2001,6318.36468
1792.906453,2001,6322.452925
1824.552492,2001,6324.484709
1813.369131,2001,6326.773124
1805.683174,2001,6329.218107
1275.948508,2001,6331.249897
1802.372806,2001,6335.391422
1769.185426,2001,6337.394169
1809.194407,2001,6339.858185
1824.244531,2001,6341.864836
1824.410962,2001,6343.878561
1817.352558,2001,6347.999044
1819.214504,2001,6350.44399
1547.712445,2001,6352.452665
1804.735397,2001,6354.506026
1815.220515,2001,6356.802103
1812.833996,2001,6361.309768
1778.818599,2001,6363.319495
1794.145361,2001,6365.368707
1815.056509,2001,6367.369731
1806.970223,2001,6369.818118
1813.657702,2001,6373.884549
1810.967678,2001,6375.93168
1829.531217,2001,6377.932834
1650.508927,2001,6380.450817
1683.173284,2001,6382.465093
1805.596104,2001,6386.684343
1284.031835,2001,6388.848028
1833.272397,2001,6391.309257
1806.310898,2001,6393.329961
1812.476213,2001,6395.399733
1829.373958,2001,6399.464764
1822.389638,2001,6401.912321
1779.072058,2001,6403.923577
1825.461311,2001,6405.957549
1816.356135,2001,6407.976754
1825.321518,2001,6412.0895
1826.068813,2001,6414.506766
1793.05195,2001,6416.623456
1808.767121,2001,6418.853095
1816.242085,2001,6420.871125
1813.790075,2001,6425.382725
1809.760459,2001,6427.420279
1795.665474,2001,6429.431267
1811.515609,2001,6431.469653
1803.852974,2001,6433.899584
1793.734868,2001,6438.009379
1825.504347,2001,6440.080443
1813.963062,2001,6442.223631
1817.269651,2001,6444.672737
1800.351619,2001,6446.827596
1815.659896,2001,6451.267858
1817.618077,2001,6453.303223
1805.088321,2001,6455.831598
1838.7598,2001,6457.991629
1802.971607,2001,6460.044734
1807.599616,2001,6464.255983
1765.646208,2001,6466.897904
1814.435058,2001,6469.16206
1808.515406,2001,6471.583171
1831.542423,2001,6476.082748
1773.454484,2001,6482.568046
1820.186964,2001,6484.873325
1813.191521,2001,6487.188634
1798.382529,2001,6489.581257
1833.412788,2001,6492.04413
1836.463288,2001,6496.646051
1810.163424,2001,6498.796146
1804.281153,2001,6501.3014
1809.482391,2001,6504.441118
1821.637211,2001,6506.528777
1805.527498,2001,6512.528786
1800.201423,2001,6514.710971
1818.212109,2001,6517.206346
1822.106357,2001,6519.268354
1818.158358,2001,6521.338123
1787.432177,2001,6525.46944
1774.160387,2001,6527.505025
1812.53478,2001,6529.933576
1792.580431,2001,6532.115339
1802.266092,2001,6534.351146
1814.064618,2001,6540.06616
1808.141343,2001,6543.711473
1809.936768,2001,6545.906998
1784.11951,2001,6548.062794
1818.761187,2001,6550.26519
1804.336123,2001,6557.460578
1795.488376,2001,6560.255721
1820.326084,2001,6562.558567
1813.794965,2001,6564.606984
1826.287267,2001,6567.099963
1820.654298,2001,6571.69326
1797.502462,2001,6573.822582
1801.734123,2001,6576.142289
1814.36472,2001,6579.353786
1807.295002,2001,6581.719803
1814.936922,2001,6586.3063
1793.718048,2001,6588.449661
1795.404408,2001,6591.043652
1823.072907,2001,6593.452435
1785.054254,2001,6595.628479
1795.986715,2001,6601.524074
1805.897752,2001,6604.134282
1805.79614,2001,6606.24487
1818.165277,2001,6608.333791
1803.916656,2001,6610.447163
1614.47976,2001,6615.260756
1790.106303,2001,6617.363574
1820.939264,2001,6619.442385
1805.450377,2001,6621.531528
1769.94224,2001,6624.013904
1809.853115,2001,6629.56475
1801.376111,2001,6631.715197
1808.108825,2001,6633.779033
1794.275375,2001,6636.330057
1798.22321,2001,6638.404678
1813.148662,2001,6642.647789
1799.332327,2001,6644.706223
1807.264444,2001,6647.855037
1804.786559,2001,6650.398373
1822.11382,2001,6652.553408
1821.555325,2001,6657.443003
1799.291697,2001,6660.999884
1806.451125,2001,6663.66985
1800.820511,2001,6666.439796
1825.082973,2001,6669.173685
1816.964424,2001,6674.068396
1813.236132,2001,6677.630927
1818.533358,2001,6681.453476
1778.561422,2001,6685.02637
1806.248171,2001,6687.413744
1830.503186,2001,6694.729476
1792.448249,2001,6697.347968
1794.300208,2001,6699.539794
1806.760323,2001,6701.595674
1709.974313,2001,6704.103742
1804.356337,2001,6708.471513
1511.796473,2001,6710.523925
1831.562967,2001,6712.592754
1794.770942,2001,6715.052214
1825.683356,2001,6717.36727
1824.412335,2001,6722.643061
1821.250751,2001,6724.702291
1812.303151,2001,6727.160958
1798.91756,2001,6729.242698
1831.155861,2001,6731.288516
1807.748278,2001,6735.471315
1803.0306,2001,6737.980542
1808.06353,2001,6740.03148
1815.823377,2001,6742.095593
1785.55004,2001,6744.170912
1777.180635,2001,6748.829529
1828.258447,2001,6751.352137
1778.326155,2001,6753.426914
1791.995452,2001,6755.516379
1832.377728,2001,6758.287501
